{
    "name":"PresideCMS Extension: ElasticSearch",
    "version":"1.1.13",
    "location":"https://github.com/pixl8/preside-ext-elasticsearch/archive/v1.1.13.zip",
    "author":"Pixl8 Interactive",
    "directory":"application/extensions",
    "homepage":"",
    "documentation":"",
    "repository":{
        "type":"git",
        "URL":"https://github.com/pixl8/preside-ext-elasticsearch"
    },
    "slug":"preside-ext-elasticsearch",
    "type":"preside-extensions",
    "projectURL":"",
    "ignore":[
        ".git/*",
        ".gitignore",
        ".twgit_features_subject",
        ".travis.yml",
        "test.sh",
        "tests",
        "jmimemagic.log"
    ],
    "devDependencies":{
        "testbox":"2.2.0"
    },
    "installPaths":{
        "testbox":"tests/testbox"
    }
}
