{
    "name":"Preside Extension: Google Analytics Metrics Import",
    "version":"0.5.6",
    "author":"Jan Jannek",
    "directory":"application/extensions",
    "homepage":"https://bitbucket.org/jjannek/preside-ext-analytics-import",
    "documentation":"https://bitbucket.org/jjannek/preside-ext-analytics-import",
    "type":"preside-extensions",
    "createPackageDirectory":true,
    "location":"https://bitbucket.org/jjannek/preside-ext-analytics-import/get/0.5.6.zip",
    "repository":{
        "type":"git",
        "URL":"https://bitbucket.org/jjannek/preside-ext-analytics-import.git"
    },
    "slug":"preside-ext-analytics-import"
}